group_id,num_students,avg_concept_mastery
G03,54,69.7596450617284
G06,56,73.2706319702602
G05,46,72.2041666666667
G02,56,72.1673605947955
G01,50,71.3422628951747
G07,58,61.3829985652798
G04,65,69.7622037155669
G08,60,71.8326162387231
G09,51,72.7662581699346
G10,31,71.9333333333333
