group_id,num_students,avg_concept_mastery
G03,54,69.75964506172839
G06,56,73.27063197026023
G05,46,72.20416666666667
G02,56,72.16736059479554
G01,50,71.3422628951747
G07,58,61.38299856527976
G04,65,69.76220371556694
G08,60,71.8326162387231
G09,51,72.76625816993463
G10,1,71.93333333333334
