metric,value
correlation,0.4495680273220977
r_squared,0.20211141119028236
slope,0.3625200170798376
p_value,4.255460254087917e-26
samples,497.0
