metric,value
correlation,0.3970389622306789
r_squared,0.15763993752921449
slope,0.23085872323285492
p_value,3.248867628017977e-20
samples,497.0
